lemma	pos	date	grouping	identifier	description	context	indexes_target_token	indexes_target_sentence
результат	NN	example	22	22_результат_16247		На предприятии создана деловая творческая атмосфера, когда каждый член коллектива заинтересован в результатах своего труда.	98:109	0:123
результат	NN	example	22	22_результат_9823		.На рынке в Пномпене несколько человек убито и много ранено в результате взрыва бомбы...	62:72	0:88
результат	NN	example	22	22_результат_11136		Думаю, если бы она в свое время занялась каким-нибудь видом спорта, то достигла бы в нем таких же результатов, каких добилась в политике.	98:109	0:137
результат	NN	example	22	22_результат_72965		Война на юге не имела таких же счастливых результатов потому, что верный наш союзник Наполеон подстрекал против нас Турцию, между тем как враги наши, англичане, ей помогали.	42:53	0:173
результат	NN	example	22	22_результат_52876		Политические и военные успехи российского большевизма, итальянского фашизма и немецкого национал-социализма давали повод надеяться, что внесение их основных постулатов в стратегические концепции любой национальной идеи будут иметь позитивные результаты.	242:252	0:253
результат	NN	example	22	22_результат_57689		Размеры и расположение будки, конечно, не соответствовали правилам, принятым в метеорологии, так что наблюдения температур, влажности и силы ветра должны были дать результаты, несколько отличающиеся от тех, какие могла бы дать станция, устроенная вне оазиса и согласно требованиям науки.	164:174	0:287
результат	NN	example	22	22_результат_2809		Убытки, понесенные в результате этого простоя, исчислялись сотнями тысяч рублей, не считая валюты, но это решительно никого не волновало: карман ведь не свой-- государственный.	21:31	0:176
результат	NN	example	22	22_результат_70170		Впрочемъ, я утѣшаю себя тѣмъ, что поѣздка моя въ Россію дастъ хорошіе денежные результаты, и я надѣюсь привезти домой довольно кругленькую сумму.	79:89	0:145
результат	NN	example	22	22_результат_29953		Например, на некоторые инфекции я сдавала кровь и результаты отрицательные, а она говорит, что обязательно нужно проверить, взяв мазок.	50:60	0:135
результат	NN	example	22	22_результат_38190		Согласованное использование принципиально новой статистики, с одной стороны, и результатов социологических обследований-- с другой, позволяет совершенно по-иному представить образовательную и экономическую деятельность образовательных учреждений, обеспечить многофакторный анализ статистических и социологических данных.	79:90	0:320
результат	NN	example	22	22_результат_217		Одни вообще не связывают судебную реформу с достижением такого результата(так считают люди в мантиях в Центральном, Приволжском и Северо-западном федеральных округах), другие, наоборот, относят его к числу приоритетов(в Южном и Уральском округах).	63:73	0:247
результат	NN	example	22	22_результат_61333		Конкурс не дал ожидаемых результатов-- со стороны не пришли артисты, обладающие яркой индивидуальностью и могущие своим творчеством обогатить эстрадное искусство.	25:36	0:162
результат	NN	example	22	22_результат_15466		В соответствии с пунктом 1 статьи 122 Налогового кодекса Российской Федерации-- неуплата или неполная уплата сумм налога в результате занижения налоговой базы, иного неправильного исчисления налога или других неправомерных действий(бездействий) влечет взыскание штрафа в размере 20% от неуплаченных сумм налога.	123:133	0:311
результат	NN	example	22	22_результат_19345		В результате всех схем в«черную дыру» Токобанка оказались втянуты многие крупные российские предприятия.	2:12	0:104
результат	NN	example	22	22_результат_31518		Суть ее заключается в следующем: пусть X1, X2,..., Xn— совокупность количественных показателей, характеризующих состояние выбранного объекта на данный момент времени t и результаты его деятельности за предшествующий период.	170:180	0:223
результат	NN	example	22	22_результат_1962		Мы уходим из Приднестровья и миримся с тем, что непризнанная республика возвращается в лоно Молдовы, или тут идет сверхсложная, умная и тонкая дипломатическая игра, в результате которой неминуемо победят интересы Москвы?	167:177	0:220
результат	NN	example	22	22_результат_17995		По результатам выполнения заданий все дети были разделены на две условные группы: одаренные и нормально развивающиеся.	3:14	0:118
результат	NN	example	22	22_результат_48832		Когда-то здесь была огромная гора, велись ударные разработки, в результате которых Подмосковье оказывалось полностью снабженным высокосортным песком.	64:74	0:149
результат	NN	example	22	22_результат_29350		остальных трансформаторов-- в зависимости от их состояния и результатов диагностического контроля.	60:71	0:98
результат	NN	example	22	22_результат_73365		Оказалось, что его наблюдения дали тождественные результаты, и он весело проговорил:	49:59	0:84
результат	NN	example	22	22_результат_16954		Результаты анкетирования свидетельствуют о преобладании в г.	0:10	0:60
результат	NN	example	22	22_результат_9801		Вызвали меня, так сказать, к финалу,-- на заседание бюро секции прозы,-- оповестить о результатах проведенной по сигналу работы.	86:97	0:128
результат	NN	example	22	22_результат_10427		Нетрудно и заметить, что: в других сектах болезнь, приведшая к гибели Джонстауна, либо находилась и находится в самой зачаточной форма, в начальнейшей стадии, либо протекает так слабо, что ее симптомы выражены еще плохо, их трудно выделить, а конечный результат болезни-- самоубийство заболевшего общества-- является и вовсе невероятной.	252:261	0:337
результат	NN	example	22	22_результат_44667		419 Постулируя«верное» изображение реальности, соцреализм не сообщает, каким именно, в том числе и в чисто формальном отношении, должен быть конечный результат.	150:159	0:160
результат	NN	example	22	22_результат_3779		В результате все нервы, весь ненужный адреналин израсходовались на эти переживания, и получился, может быть, лучший«Чайльд Гарольд» в Италии и в моей жизни.	2:12	0:156
результат	NN	example	22	22_результат_66477		Во всех случаях, когда результаты огневой деятельности не оправдывают расхода снарядов, виновных в перерасходе привлекать к суровой ответственности и наказывать как за тяжелый дисциплинарный проступок.	23:33	0:201
результат	NN	example	22	22_результат_40113		Цунами-- это морские волны, возникающие при подводных и прибрежных землетрясениях в результате сдвига вверх или вниз протяженных участков морского дна.	84:94	0:151
результат	NN	example	22	22_результат_49657		В результате Аленушка приходит к абсолютно несоответствующему действительности заключению, будто Моржов-- гомосексуалист.	2:12	0:121
результат	NN	example	22	22_результат_32029		По сути, пользователь передает в экспертную систему факты или другую информацию и получает в качестве результата экспертный совет или экспертные знания.	102:112	0:152
результат	NN	example	22	22_результат_29038		При этом в результате ряда последовательных реакций возникали характерные вспышки гамма-квантов.	11:21	0:96
результат	NN	example	22	22_результат_60888		И в результате оказалось, что«естественная» философия превратилась в самую сухую и самую отвлеченную метафизическую систему.	4:14	0:124
результат	NN	example	22	22_результат_32987		Исследуя пути Господни в устройстве Вселенной и зная, как опыт и язык математики позволяют познавать это устройство, Галилей защищал Библию от чуждых ей задач и, соответственно, от противоречий с результатами научного познания.	196:208	0:227
результат	NN	example	22	22_результат_35280		Начинались долгие пререкания с заранее известным результатом-- он состоял в том, что стороны договаривались спешиться одновременно.	49:60	0:131
результат	NN	example	22	22_результат_46966		Не в чем упрекнуть-- результат спанья на лошадиной шкуре.	21:30	0:57
результат	NN	example	22	22_результат_47851		Получилось это в результате маминого заявления*.	17:27	0:48
